GameSeed,GameName,Round,Event,Tick,Turn,PlayerCount,GameID,FinalScore(PlayerName-0),FinalScore(Player-1),FinalScore(Player-0),FinalScore(Player-3),FinalScore(Player-2),FinalScore(PlayerName-1),FinalScore(PlayerName-2),FinalScore(PlayerName-3),OrdinalPosition(Player-1 rank),OrdinalPosition(PlayerName-0),OrdinalPosition(Player-1),OrdinalPosition(Player-0),OrdinalPosition(Player-0 rank),OrdinalPosition(Player-3),OrdinalPosition(Player-3 rank),OrdinalPosition(Player-2),OrdinalPosition(PlayerName-1),OrdinalPosition(Player-2 rank),OrdinalPosition(PlayerName-2),OrdinalPosition(PlayerName-3),PlayerType(PlayerType-1),PlayerType(PlayerType-0),PlayerType(PlayerType-3),PlayerType(PlayerType-2),Winner(PlayerIdx)
1553932502,SushiGo,3,GAME_OVER,100,0,4,2,GroupZOSLAPlayer,29.0,31.0,50.0,26.0,GroupZOSLAPlayer,GroupZOSLAPlayer,mcts,3,GroupZOSLAPlayer,3,2,2,1,1,4,GroupZOSLAPlayer,4,GroupZOSLAPlayer,mcts,GroupZOSLAPlayer,GroupZOSLAPlayer,mcts,GroupZOSLAPlayer,3
-2090749135,SushiGo,3,GAME_OVER,98,0,4,3,mcts,42.0,36.0,39.0,17.0,mcts,random,mcts,1,mcts,1,3,3,2,2,4,mcts,4,random,mcts,mcts,mcts,mcts,random,1
-287790814,SushiGo,3,GAME_OVER,97,0,4,4,random,41.0,26.0,29.0,23.0,GroupZOSLAPlayer,random,random,1,random,1,3,3,2,2,4,GroupZOSLAPlayer,4,random,random,GroupZOSLAPlayer,random,random,random,1
-355989640,SushiGo,3,GAME_OVER,97,0,4,5,mcts,32.0,40.0,28.0,42.0,GroupZOSLAPlayer,mcts,random,3,mcts,3,2,2,4,4,1,GroupZOSLAPlayer,1,mcts,random,GroupZOSLAPlayer,mcts,random,mcts,2
-716867186,SushiGo,3,GAME_OVER,101,0,4,6,random,43.0,17.0,23.0,29.0,GroupZOSLAPlayer,GroupZOSLAPlayer,random,1,random,1,4,4,3,3,2,GroupZOSLAPlayer,2,GroupZOSLAPlayer,random,GroupZOSLAPlayer,random,random,GroupZOSLAPlayer,1
161804169,SushiGo,3,GAME_OVER,98,0,4,7,mcts,27.0,37.0,36.0,15.0,GroupZOSLAPlayer,random,mcts,3,mcts,3,1,1,2,2,4,GroupZOSLAPlayer,4,random,mcts,GroupZOSLAPlayer,mcts,mcts,random,0
1402202751,SushiGo,3,GAME_OVER,98,0,4,8,mcts,18.0,48.0,25.0,17.0,GroupZOSLAPlayer,random,GroupZOSLAPlayer,3,mcts,3,1,1,2,2,4,GroupZOSLAPlayer,4,random,GroupZOSLAPlayer,GroupZOSLAPlayer,mcts,GroupZOSLAPlayer,random,0
535445604,SushiGo,3,GAME_OVER,99,0,4,9,mcts,30.0,56.0,45.0,25.0,GroupZOSLAPlayer,random,mcts,3,mcts,3,1,1,2,2,4,GroupZOSLAPlayer,4,random,mcts,GroupZOSLAPlayer,mcts,mcts,random,0
1011567003,SushiGo,3,GAME_OVER,99,0,4,10,mcts,24.0,65.0,19.0,34.0,random,GroupZOSLAPlayer,random,3,mcts,3,1,1,4,4,2,random,2,GroupZOSLAPlayer,random,random,mcts,random,GroupZOSLAPlayer,0
151766778,SushiGo,3,GAME_OVER,101,0,4,11,mcts,39.0,45.0,26.0,37.0,GroupZOSLAPlayer,GroupZOSLAPlayer,GroupZOSLAPlayer,2,mcts,2,1,1,4,4,3,GroupZOSLAPlayer,3,GroupZOSLAPlayer,GroupZOSLAPlayer,GroupZOSLAPlayer,mcts,GroupZOSLAPlayer,GroupZOSLAPlayer,0
1499439034,SushiGo,3,GAME_OVER,98,0,4,12,random,37.0,34.0,31.0,27.0,random,GroupZOSLAPlayer,random,1,random,1,2,2,3,3,4,random,4,GroupZOSLAPlayer,random,random,random,random,GroupZOSLAPlayer,1
-51321412,SushiGo,3,GAME_OVER,102,0,4,13,mcts,59.0,50.0,44.0,23.0,mcts,random,mcts,1,mcts,1,2,2,3,3,4,mcts,4,random,mcts,mcts,mcts,mcts,random,1
1924478780,SushiGo,3,GAME_OVER,99,0,4,14,mcts,38.0,43.0,40.0,23.0,GroupZOSLAPlayer,random,mcts,3,mcts,3,1,1,2,2,4,GroupZOSLAPlayer,4,random,mcts,GroupZOSLAPlayer,mcts,mcts,random,0
-370025683,SushiGo,3,GAME_OVER,99,0,4,15,GroupZOSLAPlayer,54.0,19.0,28.0,27.0,mcts,random,random,1,GroupZOSLAPlayer,1,4,4,2,2,3,mcts,3,random,random,mcts,GroupZOSLAPlayer,random,random,1
-1554121271,SushiGo,3,GAME_OVER,99,0,4,16,GroupZOSLAPlayer,15.0,22.0,17.0,63.0,GroupZOSLAPlayer,mcts,random,4,GroupZOSLAPlayer,4,2,2,3,3,1,GroupZOSLAPlayer,1,mcts,random,GroupZOSLAPlayer,GroupZOSLAPlayer,random,mcts,2
496460768,SushiGo,3,GAME_OVER,99,0,4,17,mcts,35.0,66.0,20.0,30.0,GroupZOSLAPlayer,random,GroupZOSLAPlayer,2,mcts,2,1,1,4,4,3,GroupZOSLAPlayer,3,random,GroupZOSLAPlayer,GroupZOSLAPlayer,mcts,GroupZOSLAPlayer,random,0
679749574,SushiGo,3,GAME_OVER,98,0,4,18,random,24.0,28.0,32.0,43.0,GroupZOSLAPlayer,mcts,random,4,random,4,3,3,2,2,1,GroupZOSLAPlayer,1,mcts,random,GroupZOSLAPlayer,random,random,mcts,2
-301730690,SushiGo,3,GAME_OVER,97,0,4,19,mcts,71.0,49.0,24.0,27.0,mcts,random,GroupZOSLAPlayer,1,mcts,1,2,2,4,4,3,mcts,3,random,GroupZOSLAPlayer,mcts,mcts,GroupZOSLAPlayer,random,1
-992618231,SushiGo,3,GAME_OVER,97,0,4,20,mcts,23.0,38.0,22.0,49.0,GroupZOSLAPlayer,mcts,GroupZOSLAPlayer,3,mcts,3,2,2,4,4,1,GroupZOSLAPlayer,1,mcts,GroupZOSLAPlayer,GroupZOSLAPlayer,mcts,GroupZOSLAPlayer,mcts,2
1128070351,SushiGo,3,GAME_OVER,101,0,4,21,random,30.0,23.0,16.0,28.0,random,random,GroupZOSLAPlayer,1,random,1,3,3,4,4,2,random,2,random,GroupZOSLAPlayer,random,random,GroupZOSLAPlayer,random,1
-235907694,SushiGo,3,GAME_OVER,97,0,4,22,GroupZOSLAPlayer,70.0,38.0,46.0,14.0,mcts,random,mcts,1,GroupZOSLAPlayer,1,3,3,2,2,4,mcts,4,random,mcts,mcts,GroupZOSLAPlayer,mcts,random,1
621908703,SushiGo,3,GAME_OVER,98,0,4,23,mcts,36.0,49.0,23.0,21.0,GroupZOSLAPlayer,random,random,2,mcts,2,1,1,3,3,4,GroupZOSLAPlayer,4,random,random,GroupZOSLAPlayer,mcts,random,random,0
281685584,SushiGo,3,GAME_OVER,98,0,4,24,mcts,20.0,46.0,30.0,24.0,random,GroupZOSLAPlayer,mcts,4,mcts,4,1,1,2,2,3,random,3,GroupZOSLAPlayer,mcts,random,mcts,mcts,GroupZOSLAPlayer,0
-1811800664,SushiGo,3,GAME_OVER,100,0,4,25,mcts,22.0,41.0,28.0,16.0,GroupZOSLAPlayer,random,GroupZOSLAPlayer,3,mcts,3,1,1,2,2,4,GroupZOSLAPlayer,4,random,GroupZOSLAPlayer,GroupZOSLAPlayer,mcts,GroupZOSLAPlayer,random,0
-815050439,SushiGo,3,GAME_OVER,97,0,4,26,mcts,35.0,49.0,11.0,24.0,GroupZOSLAPlayer,random,GroupZOSLAPlayer,2,mcts,2,1,1,4,4,3,GroupZOSLAPlayer,3,random,GroupZOSLAPlayer,GroupZOSLAPlayer,mcts,GroupZOSLAPlayer,random,0
1458317563,SushiGo,3,GAME_OVER,102,0,4,27,mcts,21.0,62.0,29.0,14.0,random,random,GroupZOSLAPlayer,3,mcts,3,1,1,2,2,4,random,4,random,GroupZOSLAPlayer,random,mcts,GroupZOSLAPlayer,random,0
2052630850,SushiGo,3,GAME_OVER,102,0,4,28,random,24.0,26.0,50.0,40.0,GroupZOSLAPlayer,mcts,mcts,4,random,4,3,3,1,1,2,GroupZOSLAPlayer,2,mcts,mcts,GroupZOSLAPlayer,random,mcts,mcts,3
-1121515410,SushiGo,3,GAME_OVER,97,0,4,29,mcts,24.0,47.0,44.0,16.0,random,GroupZOSLAPlayer,mcts,3,mcts,3,1,1,2,2,4,random,4,GroupZOSLAPlayer,mcts,random,mcts,mcts,GroupZOSLAPlayer,0
1428447742,SushiGo,3,GAME_OVER,99,0,4,30,GroupZOSLAPlayer,28.0,27.0,52.0,24.0,GroupZOSLAPlayer,GroupZOSLAPlayer,mcts,2,GroupZOSLAPlayer,2,3,3,1,1,4,GroupZOSLAPlayer,4,GroupZOSLAPlayer,mcts,GroupZOSLAPlayer,GroupZOSLAPlayer,mcts,GroupZOSLAPlayer,3
1214014878,SushiGo,3,GAME_OVER,101,0,4,31,mcts,21.0,52.0,27.0,34.0,random,random,random,4,mcts,4,1,1,3,3,2,random,2,random,random,random,mcts,random,random,0
-1320567837,SushiGo,3,GAME_OVER,96,0,4,32,mcts,39.0,35.0,28.0,31.0,mcts,GroupZOSLAPlayer,GroupZOSLAPlayer,1,mcts,1,2,2,4,4,3,mcts,3,GroupZOSLAPlayer,GroupZOSLAPlayer,mcts,mcts,GroupZOSLAPlayer,GroupZOSLAPlayer,1
-1509632501,SushiGo,3,GAME_OVER,99,0,4,33,random,39.0,21.0,28.0,56.0,mcts,mcts,random,2,random,2,4,4,3,3,1,mcts,1,mcts,random,mcts,random,random,mcts,2
-359794293,SushiGo,3,GAME_OVER,102,0,4,34,random,42.0,34.0,33.0,33.0,random,GroupZOSLAPlayer,GroupZOSLAPlayer,1,random,1,2,2,3,3,3,random,3,GroupZOSLAPlayer,GroupZOSLAPlayer,random,random,GroupZOSLAPlayer,GroupZOSLAPlayer,1
1859661651,SushiGo,3,GAME_OVER,98,0,4,35,mcts,48.0,39.0,26.0,21.0,mcts,random,random,1,mcts,1,2,2,3,3,4,mcts,4,random,random,mcts,mcts,random,random,1
1506941806,SushiGo,3,GAME_OVER,98,0,4,36,mcts,21.0,42.0,29.0,47.0,GroupZOSLAPlayer,mcts,GroupZOSLAPlayer,4,mcts,4,2,2,3,3,1,GroupZOSLAPlayer,1,mcts,GroupZOSLAPlayer,GroupZOSLAPlayer,mcts,GroupZOSLAPlayer,mcts,2
-284814185,SushiGo,3,GAME_OVER,99,0,4,37,GroupZOSLAPlayer,37.0,27.0,38.0,35.0,random,GroupZOSLAPlayer,random,2,GroupZOSLAPlayer,2,4,4,1,1,3,random,3,GroupZOSLAPlayer,random,random,GroupZOSLAPlayer,random,GroupZOSLAPlayer,3
387591904,SushiGo,3,GAME_OVER,100,0,4,38,mcts,48.0,36.0,21.0,33.0,mcts,random,random,1,mcts,1,2,2,4,4,3,mcts,3,random,random,mcts,mcts,random,random,1
-466995634,SushiGo,3,GAME_OVER,99,0,4,39,GroupZOSLAPlayer,17.0,34.0,45.0,35.0,GroupZOSLAPlayer,random,mcts,4,GroupZOSLAPlayer,4,3,3,1,1,2,GroupZOSLAPlayer,2,random,mcts,GroupZOSLAPlayer,GroupZOSLAPlayer,mcts,random,3
-1909541276,SushiGo,3,GAME_OVER,97,0,4,40,random,70.0,31.0,30.0,34.0,mcts,GroupZOSLAPlayer,GroupZOSLAPlayer,1,random,1,3,3,4,4,2,mcts,2,GroupZOSLAPlayer,GroupZOSLAPlayer,mcts,random,GroupZOSLAPlayer,GroupZOSLAPlayer,1
1922336217,SushiGo,3,GAME_OVER,97,0,4,41,mcts,47.0,45.0,47.0,25.0,mcts,random,mcts,1,mcts,1,3,3,2,2,4,mcts,4,random,mcts,mcts,mcts,mcts,random,1
441414792,SushiGo,3,GAME_OVER,96,0,4,42,random,17.0,30.0,58.0,23.0,GroupZOSLAPlayer,random,mcts,4,random,4,2,2,1,1,3,GroupZOSLAPlayer,3,random,mcts,GroupZOSLAPlayer,random,mcts,random,3
-756662132,SushiGo,3,GAME_OVER,99,0,4,43,random,28.0,19.0,33.0,35.0,GroupZOSLAPlayer,GroupZOSLAPlayer,GroupZOSLAPlayer,3,random,3,4,4,2,2,1,GroupZOSLAPlayer,1,GroupZOSLAPlayer,GroupZOSLAPlayer,GroupZOSLAPlayer,random,GroupZOSLAPlayer,GroupZOSLAPlayer,2
-238979097,SushiGo,3,GAME_OVER,99,0,4,44,random,39.0,19.0,33.0,50.0,mcts,mcts,GroupZOSLAPlayer,2,random,2,4,4,3,3,1,mcts,1,mcts,GroupZOSLAPlayer,mcts,random,GroupZOSLAPlayer,mcts,2
692437517,SushiGo,3,GAME_OVER,99,0,4,45,GroupZOSLAPlayer,18.0,27.0,55.0,32.0,GroupZOSLAPlayer,GroupZOSLAPlayer,mcts,4,GroupZOSLAPlayer,4,3,3,1,1,2,GroupZOSLAPlayer,2,GroupZOSLAPlayer,mcts,GroupZOSLAPlayer,GroupZOSLAPlayer,mcts,GroupZOSLAPlayer,3
834010637,SushiGo,3,GAME_OVER,98,0,4,46,random,18.0,28.0,25.0,46.0,random,mcts,random,4,random,4,2,2,3,3,1,random,1,mcts,random,random,random,random,mcts,2
-1533832136,SushiGo,3,GAME_OVER,100,0,4,47,random,41.0,18.0,35.0,40.0,mcts,mcts,GroupZOSLAPlayer,1,random,1,4,4,3,3,2,mcts,2,mcts,GroupZOSLAPlayer,mcts,random,GroupZOSLAPlayer,mcts,1
1088842824,SushiGo,3,GAME_OVER,97,0,4,48,GroupZOSLAPlayer,19.0,26.0,33.0,34.0,random,GroupZOSLAPlayer,random,4,GroupZOSLAPlayer,4,3,3,2,2,1,random,1,GroupZOSLAPlayer,random,random,GroupZOSLAPlayer,random,GroupZOSLAPlayer,2
-152517913,SushiGo,3,GAME_OVER,98,0,4,49,mcts,23.0,51.0,45.0,17.0,GroupZOSLAPlayer,random,mcts,3,mcts,3,1,1,2,2,4,GroupZOSLAPlayer,4,random,mcts,GroupZOSLAPlayer,mcts,mcts,random,0
-1305376595,SushiGo,3,GAME_OVER,96,0,4,50,random,28.0,24.0,38.0,50.0,GroupZOSLAPlayer,mcts,mcts,3,random,3,4,4,2,2,1,GroupZOSLAPlayer,1,mcts,mcts,GroupZOSLAPlayer,random,mcts,mcts,2
-1792465840,SushiGo,3,GAME_OVER,99,0,4,51,random,22.0,34.0,31.0,49.0,GroupZOSLAPlayer,mcts,GroupZOSLAPlayer,4,random,4,2,2,3,3,1,GroupZOSLAPlayer,1,mcts,GroupZOSLAPlayer,GroupZOSLAPlayer,random,GroupZOSLAPlayer,mcts,2
203299549,SushiGo,3,GAME_OVER,96,0,4,52,random,29.0,28.0,57.0,18.0,GroupZOSLAPlayer,random,mcts,2,random,2,3,3,1,1,4,GroupZOSLAPlayer,4,random,mcts,GroupZOSLAPlayer,random,mcts,random,3
263363288,SushiGo,3,GAME_OVER,98,0,4,53,random,26.0,28.0,42.0,27.0,GroupZOSLAPlayer,GroupZOSLAPlayer,mcts,4,random,4,2,2,1,1,3,GroupZOSLAPlayer,3,GroupZOSLAPlayer,mcts,GroupZOSLAPlayer,random,mcts,GroupZOSLAPlayer,3
862092109,SushiGo,3,GAME_OVER,97,0,4,54,mcts,7.0,51.0,21.0,47.0,random,mcts,random,4,mcts,4,1,1,3,3,2,random,2,mcts,random,random,mcts,random,mcts,0
2064475016,SushiGo,3,GAME_OVER,99,0,4,55,random,21.0,32.0,50.0,25.0,GroupZOSLAPlayer,GroupZOSLAPlayer,mcts,4,random,4,2,2,1,1,3,GroupZOSLAPlayer,3,GroupZOSLAPlayer,mcts,GroupZOSLAPlayer,random,mcts,GroupZOSLAPlayer,3
-643618536,SushiGo,3,GAME_OVER,99,0,4,56,random,27.0,33.0,56.0,27.0,GroupZOSLAPlayer,random,mcts,4,random,4,2,2,1,1,3,GroupZOSLAPlayer,3,random,mcts,GroupZOSLAPlayer,random,mcts,random,3
1676205199,SushiGo,3,GAME_OVER,97,0,4,57,mcts,34.0,62.0,42.0,20.0,random,GroupZOSLAPlayer,mcts,3,mcts,3,1,1,2,2,4,random,4,GroupZOSLAPlayer,mcts,random,mcts,mcts,GroupZOSLAPlayer,0
1709478317,SushiGo,3,GAME_OVER,98,0,4,58,mcts,22.0,62.0,22.0,34.0,GroupZOSLAPlayer,GroupZOSLAPlayer,random,3,mcts,3,1,1,4,4,2,GroupZOSLAPlayer,2,GroupZOSLAPlayer,random,GroupZOSLAPlayer,mcts,random,GroupZOSLAPlayer,0
965075310,SushiGo,3,GAME_OVER,97,0,4,59,mcts,17.0,68.0,21.0,29.0,GroupZOSLAPlayer,random,GroupZOSLAPlayer,4,mcts,4,1,1,3,3,2,GroupZOSLAPlayer,2,random,GroupZOSLAPlayer,GroupZOSLAPlayer,mcts,GroupZOSLAPlayer,random,0
995007188,SushiGo,3,GAME_OVER,99,0,4,60,mcts,30.0,43.0,40.0,31.0,GroupZOSLAPlayer,GroupZOSLAPlayer,mcts,4,mcts,4,1,1,2,2,3,GroupZOSLAPlayer,3,GroupZOSLAPlayer,mcts,GroupZOSLAPlayer,mcts,mcts,GroupZOSLAPlayer,0
692876994,SushiGo,3,GAME_OVER,98,0,4,61,mcts,30.0,37.0,29.0,26.0,random,random,random,2,mcts,2,1,1,3,3,4,random,4,random,random,random,mcts,random,random,0
670074588,SushiGo,3,GAME_OVER,100,0,4,62,mcts,21.0,45.0,43.0,42.0,GroupZOSLAPlayer,mcts,mcts,4,mcts,4,1,1,2,2,3,GroupZOSLAPlayer,3,mcts,mcts,GroupZOSLAPlayer,mcts,mcts,mcts,0
-2086595122,SushiGo,3,GAME_OVER,98,0,4,63,GroupZOSLAPlayer,35.0,34.0,16.0,24.0,random,random,random,1,GroupZOSLAPlayer,1,2,2,4,4,3,random,3,random,random,random,GroupZOSLAPlayer,random,random,1
286213106,SushiGo,3,GAME_OVER,98,0,4,64,random,18.0,30.0,50.0,29.0,GroupZOSLAPlayer,GroupZOSLAPlayer,mcts,4,random,4,2,2,1,1,3,GroupZOSLAPlayer,3,GroupZOSLAPlayer,mcts,GroupZOSLAPlayer,random,mcts,GroupZOSLAPlayer,3
-2073032659,SushiGo,3,GAME_OVER,101,0,4,65,random,29.0,35.0,32.0,23.0,GroupZOSLAPlayer,random,GroupZOSLAPlayer,3,random,3,1,1,2,2,4,GroupZOSLAPlayer,4,random,GroupZOSLAPlayer,GroupZOSLAPlayer,random,GroupZOSLAPlayer,random,0
441021166,SushiGo,3,GAME_OVER,97,0,4,66,mcts,38.0,51.0,43.0,19.0,mcts,random,mcts,3,mcts,3,1,1,2,2,4,mcts,4,random,mcts,mcts,mcts,mcts,random,0
23526999,SushiGo,3,GAME_OVER,97,0,4,67,GroupZOSLAPlayer,27.0,34.0,63.0,21.0,random,GroupZOSLAPlayer,mcts,3,GroupZOSLAPlayer,3,2,2,1,1,4,random,4,GroupZOSLAPlayer,mcts,random,GroupZOSLAPlayer,mcts,GroupZOSLAPlayer,3
-1754382556,SushiGo,3,GAME_OVER,98,0,4,68,random,23.0,18.0,38.0,28.0,GroupZOSLAPlayer,GroupZOSLAPlayer,mcts,3,random,3,4,4,1,1,2,GroupZOSLAPlayer,2,GroupZOSLAPlayer,mcts,GroupZOSLAPlayer,random,mcts,GroupZOSLAPlayer,3
491843546,SushiGo,3,GAME_OVER,100,0,4,69,mcts,35.0,31.0,48.0,15.0,mcts,GroupZOSLAPlayer,mcts,2,mcts,2,3,3,1,1,4,mcts,4,GroupZOSLAPlayer,mcts,mcts,mcts,mcts,GroupZOSLAPlayer,3
1622527981,SushiGo,3,GAME_OVER,99,0,4,70,GroupZOSLAPlayer,29.0,37.0,33.0,35.0,random,random,random,4,GroupZOSLAPlayer,4,1,1,3,3,2,random,2,random,random,random,GroupZOSLAPlayer,random,random,0
650343038,SushiGo,3,GAME_OVER,98,0,4,71,mcts,27.0,63.0,18.0,24.0,GroupZOSLAPlayer,GroupZOSLAPlayer,GroupZOSLAPlayer,2,mcts,2,1,1,4,4,3,GroupZOSLAPlayer,3,GroupZOSLAPlayer,GroupZOSLAPlayer,GroupZOSLAPlayer,mcts,GroupZOSLAPlayer,GroupZOSLAPlayer,0
2128838152,SushiGo,3,GAME_OVER,98,0,4,72,random,38.0,23.0,29.0,30.0,random,GroupZOSLAPlayer,random,1,random,1,4,4,3,3,2,random,2,GroupZOSLAPlayer,random,random,random,random,GroupZOSLAPlayer,1
842702243,SushiGo,3,GAME_OVER,99,0,4,73,random,46.0,40.0,39.0,43.0,mcts,mcts,mcts,1,random,1,3,3,4,4,2,mcts,2,mcts,mcts,mcts,random,mcts,mcts,1
-1731241459,SushiGo,3,GAME_OVER,97,0,4,74,mcts,15.0,64.0,27.0,27.0,GroupZOSLAPlayer,random,random,4,mcts,4,1,1,3,3,2,GroupZOSLAPlayer,2,random,random,GroupZOSLAPlayer,mcts,random,random,0
-714649183,SushiGo,3,GAME_OVER,97,0,4,75,mcts,56.0,48.0,21.0,23.0,mcts,random,GroupZOSLAPlayer,1,mcts,1,2,2,4,4,3,mcts,3,random,GroupZOSLAPlayer,mcts,mcts,GroupZOSLAPlayer,random,1
-379926920,SushiGo,3,GAME_OVER,98,0,4,76,random,21.0,17.0,48.0,41.0,GroupZOSLAPlayer,GroupZOSLAPlayer,mcts,3,random,3,4,4,1,1,2,GroupZOSLAPlayer,2,GroupZOSLAPlayer,mcts,GroupZOSLAPlayer,random,mcts,GroupZOSLAPlayer,3
1718609653,SushiGo,3,GAME_OVER,96,0,4,77,random,33.0,16.0,46.0,24.0,GroupZOSLAPlayer,GroupZOSLAPlayer,mcts,2,random,2,4,4,1,1,3,GroupZOSLAPlayer,3,GroupZOSLAPlayer,mcts,GroupZOSLAPlayer,random,mcts,GroupZOSLAPlayer,3
385105698,SushiGo,3,GAME_OVER,99,0,4,78,GroupZOSLAPlayer,27.0,25.0,27.0,52.0,random,mcts,random,2,GroupZOSLAPlayer,2,4,4,2,2,1,random,1,mcts,random,random,GroupZOSLAPlayer,random,mcts,2
1460399984,SushiGo,3,GAME_OVER,99,0,4,79,GroupZOSLAPlayer,25.0,26.0,41.0,37.0,random,mcts,mcts,4,GroupZOSLAPlayer,4,3,3,1,1,2,random,2,mcts,mcts,random,GroupZOSLAPlayer,mcts,mcts,3
813347104,SushiGo,3,GAME_OVER,99,0,4,80,random,29.0,26.0,48.0,20.0,random,GroupZOSLAPlayer,mcts,2,random,2,3,3,1,1,4,random,4,GroupZOSLAPlayer,mcts,random,random,mcts,GroupZOSLAPlayer,3
-7445546,SushiGo,3,GAME_OVER,100,0,4,81,GroupZOSLAPlayer,30.0,23.0,17.0,75.0,GroupZOSLAPlayer,mcts,random,2,GroupZOSLAPlayer,2,3,3,4,4,1,GroupZOSLAPlayer,1,mcts,random,GroupZOSLAPlayer,GroupZOSLAPlayer,random,mcts,2
-2032709290,SushiGo,3,GAME_OVER,100,0,4,82,random,42.0,24.0,30.0,56.0,mcts,mcts,GroupZOSLAPlayer,2,random,2,4,4,3,3,1,mcts,1,mcts,GroupZOSLAPlayer,mcts,random,GroupZOSLAPlayer,mcts,2
508977800,SushiGo,3,GAME_OVER,98,0,4,83,random,44.0,18.0,47.0,17.0,random,GroupZOSLAPlayer,mcts,2,random,2,3,3,1,1,4,random,4,GroupZOSLAPlayer,mcts,random,random,mcts,GroupZOSLAPlayer,3
-163283632,SushiGo,3,GAME_OVER,98,0,4,84,mcts,24.0,56.0,30.0,32.0,GroupZOSLAPlayer,GroupZOSLAPlayer,GroupZOSLAPlayer,4,mcts,4,1,1,3,3,2,GroupZOSLAPlayer,2,GroupZOSLAPlayer,GroupZOSLAPlayer,GroupZOSLAPlayer,mcts,GroupZOSLAPlayer,GroupZOSLAPlayer,0
-1319364568,SushiGo,3,GAME_OVER,101,0,4,85,mcts,37.0,44.0,19.0,24.0,mcts,random,random,2,mcts,2,1,1,4,4,3,mcts,3,random,random,mcts,mcts,random,random,0
2060726550,SushiGo,3,GAME_OVER,98,0,4,86,random,29.0,34.0,60.0,28.0,GroupZOSLAPlayer,GroupZOSLAPlayer,mcts,3,random,3,2,2,1,1,4,GroupZOSLAPlayer,4,GroupZOSLAPlayer,mcts,GroupZOSLAPlayer,random,mcts,GroupZOSLAPlayer,3
-1337026208,SushiGo,3,GAME_OVER,96,0,4,87,GroupZOSLAPlayer,46.0,15.0,23.0,54.0,mcts,mcts,random,2,GroupZOSLAPlayer,2,4,4,3,3,1,mcts,1,mcts,random,mcts,GroupZOSLAPlayer,random,mcts,2
-2084778478,SushiGo,3,GAME_OVER,98,0,4,88,random,22.0,26.0,71.0,20.0,GroupZOSLAPlayer,random,mcts,3,random,3,2,2,1,1,4,GroupZOSLAPlayer,4,random,mcts,GroupZOSLAPlayer,random,mcts,random,3
737144110,SushiGo,3,GAME_OVER,97,0,4,89,random,32.0,30.0,60.0,19.0,GroupZOSLAPlayer,GroupZOSLAPlayer,mcts,2,random,2,3,3,1,1,4,GroupZOSLAPlayer,4,GroupZOSLAPlayer,mcts,GroupZOSLAPlayer,random,mcts,GroupZOSLAPlayer,3
-838360500,SushiGo,3,GAME_OVER,101,0,4,90,mcts,41.0,51.0,19.0,23.0,mcts,random,random,2,mcts,2,1,1,4,4,3,mcts,3,random,random,mcts,mcts,random,random,0
-382183064,SushiGo,3,GAME_OVER,99,0,4,91,mcts,14.0,44.0,27.0,22.0,GroupZOSLAPlayer,GroupZOSLAPlayer,random,4,mcts,4,1,1,2,2,3,GroupZOSLAPlayer,3,GroupZOSLAPlayer,random,GroupZOSLAPlayer,mcts,random,GroupZOSLAPlayer,0
2075829375,SushiGo,3,GAME_OVER,98,0,4,92,random,28.0,44.0,14.0,70.0,GroupZOSLAPlayer,mcts,random,3,random,3,2,2,4,4,1,GroupZOSLAPlayer,1,mcts,random,GroupZOSLAPlayer,random,random,mcts,2
-802570417,SushiGo,3,GAME_OVER,99,0,4,93,GroupZOSLAPlayer,49.0,24.0,49.0,18.0,mcts,random,mcts,2,GroupZOSLAPlayer,2,3,3,1,1,4,mcts,4,random,mcts,mcts,GroupZOSLAPlayer,mcts,random,3
8093907,SushiGo,3,GAME_OVER,98,0,4,94,mcts,29.0,59.0,37.0,20.0,random,GroupZOSLAPlayer,GroupZOSLAPlayer,3,mcts,3,1,1,2,2,4,random,4,GroupZOSLAPlayer,GroupZOSLAPlayer,random,mcts,GroupZOSLAPlayer,GroupZOSLAPlayer,0
-1411740561,SushiGo,3,GAME_OVER,100,0,4,95,random,28.0,34.0,29.0,41.0,mcts,mcts,GroupZOSLAPlayer,4,random,4,2,2,3,3,1,mcts,1,mcts,GroupZOSLAPlayer,mcts,random,GroupZOSLAPlayer,mcts,2
-1678038194,SushiGo,3,GAME_OVER,97,0,4,96,GroupZOSLAPlayer,41.0,15.0,32.0,29.0,GroupZOSLAPlayer,random,GroupZOSLAPlayer,1,GroupZOSLAPlayer,1,4,4,2,2,3,GroupZOSLAPlayer,3,random,GroupZOSLAPlayer,GroupZOSLAPlayer,GroupZOSLAPlayer,GroupZOSLAPlayer,random,1
-1300823014,SushiGo,3,GAME_OVER,98,0,4,97,random,31.0,14.0,22.0,52.0,mcts,mcts,random,2,random,2,4,4,3,3,1,mcts,1,mcts,random,mcts,random,random,mcts,2
-1783035865,SushiGo,3,GAME_OVER,98,0,4,98,random,52.0,17.0,25.0,27.0,mcts,GroupZOSLAPlayer,GroupZOSLAPlayer,1,random,1,4,4,3,3,2,mcts,2,GroupZOSLAPlayer,GroupZOSLAPlayer,mcts,random,GroupZOSLAPlayer,GroupZOSLAPlayer,1
-1004306364,SushiGo,3,GAME_OVER,97,0,4,99,random,27.0,37.0,56.0,20.0,GroupZOSLAPlayer,random,mcts,3,random,3,2,2,1,1,4,GroupZOSLAPlayer,4,random,mcts,GroupZOSLAPlayer,random,mcts,random,3
-1318180947,SushiGo,3,GAME_OVER,99,0,4,100,GroupZOSLAPlayer,41.0,19.0,20.0,42.0,mcts,mcts,random,2,GroupZOSLAPlayer,2,4,4,3,3,1,mcts,1,mcts,random,mcts,GroupZOSLAPlayer,random,mcts,2
674057354,SushiGo,3,GAME_OVER,97,0,4,101,random,59.0,24.0,21.0,39.0,mcts,GroupZOSLAPlayer,GroupZOSLAPlayer,1,random,1,3,3,4,4,2,mcts,2,GroupZOSLAPlayer,GroupZOSLAPlayer,mcts,random,GroupZOSLAPlayer,GroupZOSLAPlayer,1
-1542757796,SushiGo,3,GAME_OVER,96,0,4,102,mcts,27.0,37.0,35.0,33.0,GroupZOSLAPlayer,mcts,mcts,4,mcts,4,1,1,2,2,3,GroupZOSLAPlayer,3,mcts,mcts,GroupZOSLAPlayer,mcts,mcts,mcts,0
333380768,SushiGo,3,GAME_OVER,99,0,4,103,random,37.0,35.0,29.0,27.0,random,random,GroupZOSLAPlayer,1,random,1,2,2,3,3,4,random,4,random,GroupZOSLAPlayer,random,random,GroupZOSLAPlayer,random,1
530064211,SushiGo,3,GAME_OVER,97,0,4,104,random,61.0,23.0,44.0,21.0,mcts,GroupZOSLAPlayer,mcts,1,random,1,3,3,2,2,4,mcts,4,GroupZOSLAPlayer,mcts,mcts,random,mcts,GroupZOSLAPlayer,1
-1064032374,SushiGo,3,GAME_OVER,99,0,4,105,random,21.0,28.0,29.0,34.0,random,GroupZOSLAPlayer,GroupZOSLAPlayer,4,random,4,3,3,2,2,1,random,1,GroupZOSLAPlayer,GroupZOSLAPlayer,random,random,GroupZOSLAPlayer,GroupZOSLAPlayer,2
149402193,SushiGo,3,GAME_OVER,98,0,4,106,GroupZOSLAPlayer,54.0,22.0,46.0,18.0,mcts,random,mcts,1,GroupZOSLAPlayer,1,3,3,2,2,4,mcts,4,random,mcts,mcts,GroupZOSLAPlayer,mcts,random,1
-602057918,SushiGo,3,GAME_OVER,98,0,4,107,GroupZOSLAPlayer,30.0,36.0,42.0,29.0,mcts,GroupZOSLAPlayer,mcts,3,GroupZOSLAPlayer,3,2,2,1,1,4,mcts,4,GroupZOSLAPlayer,mcts,mcts,GroupZOSLAPlayer,mcts,GroupZOSLAPlayer,3
-752573483,SushiGo,3,GAME_OVER,99,0,4,108,random,34.0,39.0,25.0,19.0,GroupZOSLAPlayer,random,random,2,random,2,1,1,3,3,4,GroupZOSLAPlayer,4,random,random,GroupZOSLAPlayer,random,random,random,0
-1001641798,SushiGo,3,GAME_OVER,102,0,4,109,mcts,27.0,28.0,51.0,28.0,GroupZOSLAPlayer,random,mcts,4,mcts,4,2,2,1,1,3,GroupZOSLAPlayer,3,random,mcts,GroupZOSLAPlayer,mcts,mcts,random,3
1821314341,SushiGo,3,GAME_OVER,99,0,4,110,GroupZOSLAPlayer,55.0,25.0,37.0,28.0,mcts,GroupZOSLAPlayer,random,1,GroupZOSLAPlayer,1,4,4,2,2,3,mcts,3,GroupZOSLAPlayer,random,mcts,GroupZOSLAPlayer,random,GroupZOSLAPlayer,1
1580781148,SushiGo,3,GAME_OVER,100,0,4,111,mcts,46.0,32.0,35.0,34.0,mcts,GroupZOSLAPlayer,random,1,mcts,1,4,4,2,2,3,mcts,3,GroupZOSLAPlayer,random,mcts,mcts,random,GroupZOSLAPlayer,1
781452089,SushiGo,3,GAME_OVER,99,0,4,112,GroupZOSLAPlayer,19.0,39.0,30.0,55.0,random,mcts,random,4,GroupZOSLAPlayer,4,2,2,3,3,1,random,1,mcts,random,random,GroupZOSLAPlayer,random,mcts,2
744036211,SushiGo,3,GAME_OVER,97,0,4,113,GroupZOSLAPlayer,57.0,23.0,38.0,27.0,mcts,GroupZOSLAPlayer,mcts,1,GroupZOSLAPlayer,1,4,4,2,2,3,mcts,3,GroupZOSLAPlayer,mcts,mcts,GroupZOSLAPlayer,mcts,GroupZOSLAPlayer,1
1733433064,SushiGo,3,GAME_OVER,99,0,4,114,GroupZOSLAPlayer,33.0,30.0,28.0,40.0,random,mcts,random,2,GroupZOSLAPlayer,2,3,3,4,4,1,random,1,mcts,random,random,GroupZOSLAPlayer,random,mcts,2
106504493,SushiGo,3,GAME_OVER,99,0,4,115,random,51.0,32.0,25.0,30.0,mcts,GroupZOSLAPlayer,random,1,random,1,2,2,4,4,3,mcts,3,GroupZOSLAPlayer,random,mcts,random,random,GroupZOSLAPlayer,1
1251327432,SushiGo,3,GAME_OVER,97,0,4,116,GroupZOSLAPlayer,48.0,17.0,21.0,48.0,mcts,mcts,random,1,GroupZOSLAPlayer,1,4,4,3,3,1,mcts,1,mcts,random,mcts,GroupZOSLAPlayer,random,mcts,-1
-1041135095,SushiGo,3,GAME_OVER,98,0,4,117,random,45.0,23.0,56.0,18.0,GroupZOSLAPlayer,random,mcts,2,random,2,3,3,1,1,4,GroupZOSLAPlayer,4,random,mcts,GroupZOSLAPlayer,random,mcts,random,3
-1390070123,SushiGo,3,GAME_OVER,98,0,4,118,GroupZOSLAPlayer,52.0,18.0,17.0,14.0,mcts,random,GroupZOSLAPlayer,1,GroupZOSLAPlayer,1,2,2,3,3,4,mcts,4,random,GroupZOSLAPlayer,mcts,GroupZOSLAPlayer,GroupZOSLAPlayer,random,1
-1658142994,SushiGo,3,GAME_OVER,102,0,4,119,GroupZOSLAPlayer,33.0,24.0,41.0,30.0,mcts,random,mcts,2,GroupZOSLAPlayer,2,4,4,1,1,3,mcts,3,random,mcts,mcts,GroupZOSLAPlayer,mcts,random,3
-1420211928,SushiGo,3,GAME_OVER,98,0,4,120,mcts,14.0,45.0,15.0,32.0,random,random,GroupZOSLAPlayer,4,mcts,4,1,1,3,3,2,random,2,random,GroupZOSLAPlayer,random,mcts,GroupZOSLAPlayer,random,0
-1852411569,SushiGo,3,GAME_OVER,97,0,4,121,GroupZOSLAPlayer,26.0,20.0,52.0,26.0,GroupZOSLAPlayer,random,mcts,2,GroupZOSLAPlayer,2,4,4,1,1,2,GroupZOSLAPlayer,2,random,mcts,GroupZOSLAPlayer,GroupZOSLAPlayer,mcts,random,3
1269798208,SushiGo,3,GAME_OVER,98,0,4,122,GroupZOSLAPlayer,37.0,28.0,71.0,22.0,GroupZOSLAPlayer,random,mcts,2,GroupZOSLAPlayer,2,3,3,1,1,4,GroupZOSLAPlayer,4,random,mcts,GroupZOSLAPlayer,GroupZOSLAPlayer,mcts,random,3
-1988477966,SushiGo,3,GAME_OVER,100,0,4,123,random,52.0,37.0,31.0,33.0,mcts,random,GroupZOSLAPlayer,1,random,1,2,2,4,4,3,mcts,3,random,GroupZOSLAPlayer,mcts,random,GroupZOSLAPlayer,random,1
-1909667671,SushiGo,3,GAME_OVER,97,0,4,124,GroupZOSLAPlayer,32.0,35.0,29.0,51.0,random,mcts,mcts,3,GroupZOSLAPlayer,3,2,2,4,4,1,random,1,mcts,mcts,random,GroupZOSLAPlayer,mcts,mcts,2
-1558620065,SushiGo,3,GAME_OVER,99,0,4,125,GroupZOSLAPlayer,34.0,29.0,33.0,31.0,random,random,random,1,GroupZOSLAPlayer,1,4,4,2,2,3,random,3,random,random,random,GroupZOSLAPlayer,random,random,1
1659788427,SushiGo,3,GAME_OVER,98,0,4,126,GroupZOSLAPlayer,43.0,28.0,35.0,23.0,mcts,random,mcts,1,GroupZOSLAPlayer,1,3,3,2,2,4,mcts,4,random,mcts,mcts,GroupZOSLAPlayer,mcts,random,1
1120017672,SushiGo,3,GAME_OVER,96,0,4,127,mcts,37.0,47.0,42.0,33.0,GroupZOSLAPlayer,GroupZOSLAPlayer,mcts,3,mcts,3,1,1,2,2,4,GroupZOSLAPlayer,4,GroupZOSLAPlayer,mcts,GroupZOSLAPlayer,mcts,mcts,GroupZOSLAPlayer,0
6435550,SushiGo,3,GAME_OVER,101,0,4,128,GroupZOSLAPlayer,33.0,35.0,32.0,30.0,random,random,random,2,GroupZOSLAPlayer,2,1,1,3,3,4,random,4,random,random,random,GroupZOSLAPlayer,random,random,0
-1788846950,SushiGo,3,GAME_OVER,96,0,4,129,mcts,57.0,35.0,14.0,21.0,mcts,GroupZOSLAPlayer,GroupZOSLAPlayer,1,mcts,1,2,2,4,4,3,mcts,3,GroupZOSLAPlayer,GroupZOSLAPlayer,mcts,mcts,GroupZOSLAPlayer,GroupZOSLAPlayer,1
-1540822946,SushiGo,3,GAME_OVER,98,0,4,130,mcts,59.0,37.0,23.0,40.0,mcts,GroupZOSLAPlayer,random,1,mcts,1,3,3,4,4,2,mcts,2,GroupZOSLAPlayer,random,mcts,mcts,random,GroupZOSLAPlayer,1
-1380206301,SushiGo,3,GAME_OVER,98,0,4,131,GroupZOSLAPlayer,24.0,26.0,84.0,31.0,random,random,mcts,4,GroupZOSLAPlayer,4,3,3,1,1,2,random,2,random,mcts,random,GroupZOSLAPlayer,mcts,random,3
-1360479120,SushiGo,3,GAME_OVER,100,0,4,132,random,50.0,32.0,22.0,58.0,mcts,mcts,GroupZOSLAPlayer,2,random,2,3,3,4,4,1,mcts,1,mcts,GroupZOSLAPlayer,mcts,random,GroupZOSLAPlayer,mcts,2
740499949,SushiGo,3,GAME_OVER,96,0,4,133,GroupZOSLAPlayer,27.0,33.0,23.0,48.0,GroupZOSLAPlayer,mcts,random,3,GroupZOSLAPlayer,3,2,2,4,4,1,GroupZOSLAPlayer,1,mcts,random,GroupZOSLAPlayer,GroupZOSLAPlayer,random,mcts,2
-1786126378,SushiGo,3,GAME_OVER,98,0,4,134,GroupZOSLAPlayer,26.0,25.0,48.0,23.0,random,random,mcts,2,GroupZOSLAPlayer,2,3,3,1,1,4,random,4,random,mcts,random,GroupZOSLAPlayer,mcts,random,3
166334781,SushiGo,3,GAME_OVER,97,0,4,135,random,74.0,42.0,27.0,17.0,mcts,random,GroupZOSLAPlayer,1,random,1,2,2,3,3,4,mcts,4,random,GroupZOSLAPlayer,mcts,random,GroupZOSLAPlayer,random,1
-2037277650,SushiGo,3,GAME_OVER,96,0,4,136,mcts,22.0,49.0,43.0,20.0,GroupZOSLAPlayer,GroupZOSLAPlayer,mcts,3,mcts,3,1,1,2,2,4,GroupZOSLAPlayer,4,GroupZOSLAPlayer,mcts,GroupZOSLAPlayer,mcts,mcts,GroupZOSLAPlayer,0
1875658582,SushiGo,3,GAME_OVER,101,0,4,137,GroupZOSLAPlayer,17.0,34.0,42.0,33.0,random,random,mcts,4,GroupZOSLAPlayer,4,2,2,1,1,3,random,3,random,mcts,random,GroupZOSLAPlayer,mcts,random,3
-1787008643,SushiGo,3,GAME_OVER,96,0,4,138,random,47.0,20.0,26.0,49.0,mcts,mcts,GroupZOSLAPlayer,2,random,2,4,4,3,3,1,mcts,1,mcts,GroupZOSLAPlayer,mcts,random,GroupZOSLAPlayer,mcts,2
1428144759,SushiGo,3,GAME_OVER,97,0,4,139,mcts,14.0,54.0,21.0,35.0,GroupZOSLAPlayer,random,GroupZOSLAPlayer,4,mcts,4,1,1,3,3,2,GroupZOSLAPlayer,2,random,GroupZOSLAPlayer,GroupZOSLAPlayer,mcts,GroupZOSLAPlayer,random,0
-590054297,SushiGo,3,GAME_OVER,98,0,4,140,mcts,31.0,60.0,22.0,26.0,random,random,GroupZOSLAPlayer,2,mcts,2,1,1,4,4,3,random,3,random,GroupZOSLAPlayer,random,mcts,GroupZOSLAPlayer,random,0
-664854618,SushiGo,3,GAME_OVER,99,0,4,141,random,53.0,20.0,21.0,29.0,mcts,GroupZOSLAPlayer,random,1,random,1,4,4,3,3,2,mcts,2,GroupZOSLAPlayer,random,mcts,random,random,GroupZOSLAPlayer,1
-819204420,SushiGo,3,GAME_OVER,98,0,4,142,mcts,30.0,51.0,39.0,18.0,GroupZOSLAPlayer,GroupZOSLAPlayer,mcts,3,mcts,3,1,1,2,2,4,GroupZOSLAPlayer,4,GroupZOSLAPlayer,mcts,GroupZOSLAPlayer,mcts,mcts,GroupZOSLAPlayer,0
-160467324,SushiGo,3,GAME_OVER,96,0,4,143,random,30.0,39.0,29.0,23.0,random,GroupZOSLAPlayer,random,2,random,2,1,1,3,3,4,random,4,GroupZOSLAPlayer,random,random,random,random,GroupZOSLAPlayer,0
-1856426629,SushiGo,3,GAME_OVER,98,0,4,144,mcts,39.0,27.0,20.0,26.0,mcts,GroupZOSLAPlayer,random,1,mcts,1,2,2,4,4,3,mcts,3,GroupZOSLAPlayer,random,mcts,mcts,random,GroupZOSLAPlayer,1
1140437640,SushiGo,3,GAME_OVER,96,0,4,145,GroupZOSLAPlayer,15.0,24.0,51.0,41.0,GroupZOSLAPlayer,mcts,mcts,4,GroupZOSLAPlayer,4,3,3,1,1,2,GroupZOSLAPlayer,2,mcts,mcts,GroupZOSLAPlayer,GroupZOSLAPlayer,mcts,mcts,3
1685594765,SushiGo,3,GAME_OVER,97,0,4,146,random,27.0,33.0,55.0,23.0,GroupZOSLAPlayer,GroupZOSLAPlayer,mcts,3,random,3,2,2,1,1,4,GroupZOSLAPlayer,4,GroupZOSLAPlayer,mcts,GroupZOSLAPlayer,random,mcts,GroupZOSLAPlayer,3
520648264,SushiGo,3,GAME_OVER,101,0,4,147,GroupZOSLAPlayer,21.0,27.0,45.0,42.0,random,mcts,mcts,4,GroupZOSLAPlayer,4,3,3,1,1,2,random,2,mcts,mcts,random,GroupZOSLAPlayer,mcts,mcts,3
-556700241,SushiGo,3,GAME_OVER,98,0,4,148,mcts,21.0,49.0,21.0,24.0,GroupZOSLAPlayer,random,random,4,mcts,4,1,1,3,3,2,GroupZOSLAPlayer,2,random,random,GroupZOSLAPlayer,mcts,random,random,0
-1668855359,SushiGo,3,GAME_OVER,99,0,4,149,random,18.0,21.0,23.0,59.0,GroupZOSLAPlayer,mcts,random,4,random,4,3,3,2,2,1,GroupZOSLAPlayer,1,mcts,random,GroupZOSLAPlayer,random,random,mcts,2
-1734983820,SushiGo,3,GAME_OVER,98,0,4,150,GroupZOSLAPlayer,48.0,22.0,22.0,41.0,mcts,mcts,random,1,GroupZOSLAPlayer,1,3,3,3,3,2,mcts,2,mcts,random,mcts,GroupZOSLAPlayer,random,mcts,1
-2089336133,SushiGo,3,GAME_OVER,100,0,4,151,random,78.0,21.0,14.0,23.0,mcts,GroupZOSLAPlayer,GroupZOSLAPlayer,1,random,1,3,3,4,4,2,mcts,2,GroupZOSLAPlayer,GroupZOSLAPlayer,mcts,random,GroupZOSLAPlayer,GroupZOSLAPlayer,1
-284763583,SushiGo,3,GAME_OVER,98,0,4,152,random,38.0,17.0,19.0,44.0,random,mcts,random,2,random,2,4,4,3,3,1,random,1,mcts,random,random,random,random,mcts,2
-21492040,SushiGo,3,GAME_OVER,97,0,4,153,mcts,47.0,43.0,7.0,33.0,mcts,GroupZOSLAPlayer,GroupZOSLAPlayer,1,mcts,1,2,2,4,4,3,mcts,3,GroupZOSLAPlayer,GroupZOSLAPlayer,mcts,mcts,GroupZOSLAPlayer,GroupZOSLAPlayer,1
-1934380881,SushiGo,3,GAME_OVER,98,0,4,154,GroupZOSLAPlayer,36.0,35.0,54.0,18.0,GroupZOSLAPlayer,random,mcts,2,GroupZOSLAPlayer,2,3,3,1,1,4,GroupZOSLAPlayer,4,random,mcts,GroupZOSLAPlayer,GroupZOSLAPlayer,mcts,random,3
-455321581,SushiGo,3,GAME_OVER,97,0,4,155,random,20.0,40.0,40.0,74.0,random,mcts,random,4,random,4,3,3,2,2,1,random,1,mcts,random,random,random,random,mcts,2
-1750180420,SushiGo,3,GAME_OVER,100,0,4,156,mcts,52.0,46.0,27.0,15.0,mcts,GroupZOSLAPlayer,random,1,mcts,1,2,2,3,3,4,mcts,4,GroupZOSLAPlayer,random,mcts,mcts,random,GroupZOSLAPlayer,1
-1567196103,SushiGo,3,GAME_OVER,98,0,4,157,mcts,20.0,51.0,36.0,18.0,GroupZOSLAPlayer,GroupZOSLAPlayer,GroupZOSLAPlayer,3,mcts,3,1,1,2,2,4,GroupZOSLAPlayer,4,GroupZOSLAPlayer,GroupZOSLAPlayer,GroupZOSLAPlayer,mcts,GroupZOSLAPlayer,GroupZOSLAPlayer,0
1685953196,SushiGo,3,GAME_OVER,98,0,4,158,random,46.0,27.0,22.0,41.0,mcts,mcts,random,1,random,1,3,3,4,4,2,mcts,2,mcts,random,mcts,random,random,mcts,1
-970359006,SushiGo,3,GAME_OVER,99,0,4,159,random,25.0,28.0,19.0,25.0,GroupZOSLAPlayer,GroupZOSLAPlayer,GroupZOSLAPlayer,2,random,2,1,1,4,4,2,GroupZOSLAPlayer,2,GroupZOSLAPlayer,GroupZOSLAPlayer,GroupZOSLAPlayer,random,GroupZOSLAPlayer,GroupZOSLAPlayer,0
1557376909,SushiGo,3,GAME_OVER,99,0,4,160,mcts,50.0,40.0,18.0,18.0,mcts,random,GroupZOSLAPlayer,1,mcts,1,2,2,4,4,3,mcts,3,random,GroupZOSLAPlayer,mcts,mcts,GroupZOSLAPlayer,random,1
1817946229,SushiGo,3,GAME_OVER,98,0,4,161,random,41.0,31.0,54.0,45.0,mcts,mcts,mcts,3,random,3,4,4,1,1,2,mcts,2,mcts,mcts,mcts,random,mcts,mcts,3
1588852410,SushiGo,3,GAME_OVER,101,0,4,162,mcts,37.0,66.0,20.0,29.0,GroupZOSLAPlayer,random,random,2,mcts,2,1,1,4,4,3,GroupZOSLAPlayer,3,random,random,GroupZOSLAPlayer,mcts,random,random,0
-1348972292,SushiGo,3,GAME_OVER,97,0,4,163,GroupZOSLAPlayer,28.0,32.0,31.0,33.0,GroupZOSLAPlayer,random,GroupZOSLAPlayer,4,GroupZOSLAPlayer,4,2,2,3,3,1,GroupZOSLAPlayer,1,random,GroupZOSLAPlayer,GroupZOSLAPlayer,GroupZOSLAPlayer,GroupZOSLAPlayer,random,2
935639253,SushiGo,3,GAME_OVER,97,0,4,164,random,44.0,17.0,28.0,41.0,mcts,mcts,GroupZOSLAPlayer,1,random,1,4,4,3,3,2,mcts,2,mcts,GroupZOSLAPlayer,mcts,random,GroupZOSLAPlayer,mcts,1
-424694963,SushiGo,3,GAME_OVER,99,0,4,165,random,49.0,26.0,23.0,25.0,mcts,random,GroupZOSLAPlayer,1,random,1,2,2,4,4,3,mcts,3,random,GroupZOSLAPlayer,mcts,random,GroupZOSLAPlayer,random,1
2099656195,SushiGo,3,GAME_OVER,98,0,4,166,GroupZOSLAPlayer,22.0,22.0,79.0,12.0,random,GroupZOSLAPlayer,mcts,2,GroupZOSLAPlayer,2,2,2,1,1,4,random,4,GroupZOSLAPlayer,mcts,random,GroupZOSLAPlayer,mcts,GroupZOSLAPlayer,3
-2137861924,SushiGo,3,GAME_OVER,99,0,4,167,random,51.0,28.0,22.0,20.0,mcts,GroupZOSLAPlayer,random,1,random,1,2,2,3,3,4,mcts,4,GroupZOSLAPlayer,random,mcts,random,random,GroupZOSLAPlayer,1
126743168,SushiGo,3,GAME_OVER,99,0,4,168,GroupZOSLAPlayer,45.0,25.0,25.0,46.0,mcts,mcts,GroupZOSLAPlayer,2,GroupZOSLAPlayer,2,3,3,4,4,1,mcts,1,mcts,GroupZOSLAPlayer,mcts,GroupZOSLAPlayer,GroupZOSLAPlayer,mcts,2
-158096177,SushiGo,3,GAME_OVER,98,0,4,169,random,53.0,17.0,25.0,44.0,mcts,random,GroupZOSLAPlayer,1,random,1,4,4,3,3,2,mcts,2,random,GroupZOSLAPlayer,mcts,random,GroupZOSLAPlayer,random,1
-622682182,SushiGo,3,GAME_OVER,98,0,4,170,random,42.0,10.0,20.0,67.0,mcts,mcts,GroupZOSLAPlayer,2,random,2,4,4,3,3,1,mcts,1,mcts,GroupZOSLAPlayer,mcts,random,GroupZOSLAPlayer,mcts,2
-1603190713,SushiGo,3,GAME_OVER,100,0,4,171,GroupZOSLAPlayer,22.0,30.0,23.0,53.0,GroupZOSLAPlayer,mcts,random,4,GroupZOSLAPlayer,4,2,2,3,3,1,GroupZOSLAPlayer,1,mcts,random,GroupZOSLAPlayer,GroupZOSLAPlayer,random,mcts,2
-1483337579,SushiGo,3,GAME_OVER,98,0,4,172,GroupZOSLAPlayer,24.0,39.0,26.0,57.0,random,mcts,random,4,GroupZOSLAPlayer,4,2,2,3,3,1,random,1,mcts,random,random,GroupZOSLAPlayer,random,mcts,2
554117120,SushiGo,3,GAME_OVER,97,0,4,173,random,31.0,28.0,40.0,40.0,mcts,mcts,mcts,3,random,3,4,4,2,2,1,mcts,1,mcts,mcts,mcts,random,mcts,mcts,2
1447091856,SushiGo,3,GAME_OVER,100,0,4,174,GroupZOSLAPlayer,18.0,43.0,41.0,21.0,GroupZOSLAPlayer,GroupZOSLAPlayer,mcts,4,GroupZOSLAPlayer,4,1,1,2,2,3,GroupZOSLAPlayer,3,GroupZOSLAPlayer,mcts,GroupZOSLAPlayer,GroupZOSLAPlayer,mcts,GroupZOSLAPlayer,0
-553741966,SushiGo,3,GAME_OVER,96,0,4,175,GroupZOSLAPlayer,26.0,33.0,29.0,21.0,random,random,random,3,GroupZOSLAPlayer,3,1,1,2,2,4,random,4,random,random,random,GroupZOSLAPlayer,random,random,0
-1292333361,SushiGo,3,GAME_OVER,98,0,4,176,random,22.0,31.0,22.0,34.0,GroupZOSLAPlayer,GroupZOSLAPlayer,random,4,random,4,2,2,3,3,1,GroupZOSLAPlayer,1,GroupZOSLAPlayer,random,GroupZOSLAPlayer,random,random,GroupZOSLAPlayer,2
55774683,SushiGo,3,GAME_OVER,101,0,4,177,GroupZOSLAPlayer,23.0,34.0,24.0,44.0,random,mcts,random,4,GroupZOSLAPlayer,4,2,2,3,3,1,random,1,mcts,random,random,GroupZOSLAPlayer,random,mcts,2
33780075,SushiGo,3,GAME_OVER,100,0,4,178,mcts,42.0,53.0,22.0,42.0,mcts,mcts,GroupZOSLAPlayer,3,mcts,3,1,1,4,4,2,mcts,2,mcts,GroupZOSLAPlayer,mcts,mcts,GroupZOSLAPlayer,mcts,0
-1461249056,SushiGo,3,GAME_OVER,99,0,4,179,random,13.0,31.0,53.0,27.0,GroupZOSLAPlayer,GroupZOSLAPlayer,mcts,4,random,4,2,2,1,1,3,GroupZOSLAPlayer,3,GroupZOSLAPlayer,mcts,GroupZOSLAPlayer,random,mcts,GroupZOSLAPlayer,3
220459629,SushiGo,3,GAME_OVER,97,0,4,180,random,35.0,18.0,39.0,36.0,mcts,mcts,mcts,3,random,3,4,4,1,1,2,mcts,2,mcts,mcts,mcts,random,mcts,mcts,3
889189530,SushiGo,3,GAME_OVER,97,0,4,181,random,47.0,34.0,37.0,24.0,GroupZOSLAPlayer,GroupZOSLAPlayer,random,1,random,1,3,3,2,2,4,GroupZOSLAPlayer,4,GroupZOSLAPlayer,random,GroupZOSLAPlayer,random,random,GroupZOSLAPlayer,1
475198297,SushiGo,3,GAME_OVER,101,0,4,182,mcts,30.0,40.0,19.0,23.0,GroupZOSLAPlayer,GroupZOSLAPlayer,GroupZOSLAPlayer,2,mcts,2,1,1,4,4,3,GroupZOSLAPlayer,3,GroupZOSLAPlayer,GroupZOSLAPlayer,GroupZOSLAPlayer,mcts,GroupZOSLAPlayer,GroupZOSLAPlayer,0
-531925169,SushiGo,3,GAME_OVER,100,0,4,183,random,53.0,22.0,37.0,25.0,mcts,random,random,1,random,1,4,4,2,2,3,mcts,3,random,random,mcts,random,random,random,1
-1959144122,SushiGo,3,GAME_OVER,100,0,4,184,mcts,25.0,40.0,25.0,63.0,GroupZOSLAPlayer,mcts,random,4,mcts,4,2,2,3,3,1,GroupZOSLAPlayer,1,mcts,random,GroupZOSLAPlayer,mcts,random,mcts,2
1042214707,SushiGo,3,GAME_OVER,99,0,4,185,mcts,30.0,43.0,44.0,17.0,GroupZOSLAPlayer,GroupZOSLAPlayer,mcts,3,mcts,3,2,2,1,1,4,GroupZOSLAPlayer,4,GroupZOSLAPlayer,mcts,GroupZOSLAPlayer,mcts,mcts,GroupZOSLAPlayer,3
2131848898,SushiGo,3,GAME_OVER,100,0,4,186,random,49.0,29.0,53.0,20.0,mcts,random,mcts,2,random,2,3,3,1,1,4,mcts,4,random,mcts,mcts,random,mcts,random,3
1491837140,SushiGo,3,GAME_OVER,97,0,4,187,GroupZOSLAPlayer,26.0,29.0,30.0,19.0,GroupZOSLAPlayer,random,random,3,GroupZOSLAPlayer,3,2,2,1,1,4,GroupZOSLAPlayer,4,random,random,GroupZOSLAPlayer,GroupZOSLAPlayer,random,random,3
184290847,SushiGo,3,GAME_OVER,99,0,4,188,mcts,26.0,48.0,80.0,12.0,GroupZOSLAPlayer,GroupZOSLAPlayer,mcts,3,mcts,3,2,2,1,1,4,GroupZOSLAPlayer,4,GroupZOSLAPlayer,mcts,GroupZOSLAPlayer,mcts,mcts,GroupZOSLAPlayer,3
1911499045,SushiGo,3,GAME_OVER,99,0,4,189,GroupZOSLAPlayer,19.0,23.0,60.0,25.0,random,random,mcts,4,GroupZOSLAPlayer,4,3,3,1,1,2,random,2,random,mcts,random,GroupZOSLAPlayer,mcts,random,3
2050174941,SushiGo,3,GAME_OVER,100,0,4,190,mcts,29.0,54.0,26.0,31.0,random,GroupZOSLAPlayer,random,3,mcts,3,1,1,4,4,2,random,2,GroupZOSLAPlayer,random,random,mcts,random,GroupZOSLAPlayer,0
939314756,SushiGo,3,GAME_OVER,97,0,4,191,mcts,42.0,40.0,18.0,50.0,mcts,mcts,random,2,mcts,2,3,3,4,4,1,mcts,1,mcts,random,mcts,mcts,random,mcts,2
-185365952,SushiGo,3,GAME_OVER,100,0,4,192,GroupZOSLAPlayer,26.0,13.0,24.0,37.0,random,GroupZOSLAPlayer,random,2,GroupZOSLAPlayer,2,4,4,3,3,1,random,1,GroupZOSLAPlayer,random,random,GroupZOSLAPlayer,random,GroupZOSLAPlayer,2
760447603,SushiGo,3,GAME_OVER,97,0,4,193,random,31.0,26.0,24.0,70.0,GroupZOSLAPlayer,mcts,GroupZOSLAPlayer,2,random,2,3,3,4,4,1,GroupZOSLAPlayer,1,mcts,GroupZOSLAPlayer,GroupZOSLAPlayer,random,GroupZOSLAPlayer,mcts,2
1638779493,SushiGo,3,GAME_OVER,100,0,4,194,mcts,42.0,42.0,15.0,48.0,mcts,mcts,GroupZOSLAPlayer,3,mcts,3,2,2,4,4,1,mcts,1,mcts,GroupZOSLAPlayer,mcts,mcts,GroupZOSLAPlayer,mcts,2
2080281558,SushiGo,3,GAME_OVER,99,0,4,195,mcts,48.0,56.0,24.0,20.0,random,GroupZOSLAPlayer,GroupZOSLAPlayer,2,mcts,2,1,1,3,3,4,random,4,GroupZOSLAPlayer,GroupZOSLAPlayer,random,mcts,GroupZOSLAPlayer,GroupZOSLAPlayer,0
2100472900,SushiGo,3,GAME_OVER,98,0,4,196,random,31.0,58.0,30.0,37.0,random,GroupZOSLAPlayer,random,3,random,3,1,1,4,4,2,random,2,GroupZOSLAPlayer,random,random,random,random,GroupZOSLAPlayer,0
1312253936,SushiGo,3,GAME_OVER,96,0,4,197,mcts,35.0,37.0,31.0,22.0,mcts,GroupZOSLAPlayer,mcts,2,mcts,2,1,1,3,3,4,mcts,4,GroupZOSLAPlayer,mcts,mcts,mcts,mcts,GroupZOSLAPlayer,0
1415923339,SushiGo,3,GAME_OVER,101,0,4,198,mcts,24.0,47.0,21.0,33.0,GroupZOSLAPlayer,random,random,3,mcts,3,1,1,4,4,2,GroupZOSLAPlayer,2,random,random,GroupZOSLAPlayer,mcts,random,random,0
-821411834,SushiGo,3,GAME_OVER,99,0,4,199,GroupZOSLAPlayer,32.0,29.0,43.0,28.0,random,GroupZOSLAPlayer,random,2,GroupZOSLAPlayer,2,3,3,1,1,4,random,4,GroupZOSLAPlayer,random,random,GroupZOSLAPlayer,random,GroupZOSLAPlayer,3
-371309519,SushiGo,3,GAME_OVER,98,0,4,200,mcts,48.0,39.0,17.0,28.0,mcts,GroupZOSLAPlayer,GroupZOSLAPlayer,1,mcts,1,2,2,4,4,3,mcts,3,GroupZOSLAPlayer,GroupZOSLAPlayer,mcts,mcts,GroupZOSLAPlayer,GroupZOSLAPlayer,1
1429367741,SushiGo,3,GAME_OVER,98,0,4,201,random,34.0,30.0,30.0,21.0,random,random,GroupZOSLAPlayer,1,random,1,2,2,3,3,4,random,4,random,GroupZOSLAPlayer,random,random,GroupZOSLAPlayer,random,1
